<?xml version="1.0" encoding="UTF-8"?>
<java version="17.0.12" class="java.beans.XMLDecoder">
 <object class="com.wm.deployer.project.Project" id="Project0">
  <void id="Integer0" property="batchSizeForRepo"/>
  <void property="bundles">
   <void method="add">
    <object class="com.wm.deployer.project.Bundle" id="Bundle0">
     <void property="allowedSourceServers">
      <void method="add">
       <string>IS_Bancoppel</string>
      </void>
     </void>
     <void property="dependencies">
      <void method="add">
       <object class="com.wm.deployer.project.is.ISDependency">
        <void property="component">
         <string>SRV_Bancoppel.doc:docType_Log</string>
        </void>
        <void property="componentType">
         <string>Document</string>
        </void>
        <void property="containerName">
         <string>SRV_Bancoppel</string>
        </void>
        <void property="serverIdentifier">
         <string>IS_Bancoppel</string>
        </void>
        <void property="status">
         <int>2</int>
        </void>
        <void property="version">
         <string>4.0</string>
        </void>
       </object>
      </void>
      <void method="add">
       <object class="com.wm.deployer.project.is.ISDependency">
        <void property="component">
         <string>AF_SRV_TraspasoAsistido.docs:TraspasoAsistido</string>
        </void>
        <void property="componentType">
         <string>Unknown</string>
        </void>
        <void property="containerName">
         <string>Unknown</string>
        </void>
        <void property="serverIdentifier">
         <string>IS_Bancoppel</string>
        </void>
        <void property="status">
         <int>2</int>
        </void>
        <void property="version">
         <string>4.0</string>
        </void>
       </object>
      </void>
      <void method="add">
       <object class="com.wm.deployer.project.is.ISDependency">
        <void property="component">
         <string>AF_SRV_TraspasoAsistido.docs:TraspasoAforeCancelado</string>
        </void>
        <void property="componentType">
         <string>Unknown</string>
        </void>
        <void property="containerName">
         <string>Unknown</string>
        </void>
        <void property="serverIdentifier">
         <string>IS_Bancoppel</string>
        </void>
        <void property="status">
         <int>2</int>
        </void>
        <void property="version">
         <string>4.0</string>
        </void>
       </object>
      </void>
      <void method="add">
       <object class="com.wm.deployer.project.is.ISDependency">
        <void property="component">
         <string>Anonymous</string>
        </void>
        <void property="componentType">
         <string>ACL</string>
        </void>
        <void property="containerName">
         <string>ACL</string>
        </void>
        <void property="serverIdentifier">
         <string>IS_Bancoppel</string>
        </void>
        <void property="status">
         <object idref="Integer0"/>
        </void>
        <void property="version">
         <string>4.0</string>
        </void>
       </object>
      </void>
      <void method="add">
       <object class="com.wm.deployer.project.is.ISDependency">
        <void property="component">
         <string>Default</string>
        </void>
        <void property="componentType">
         <string>ACL</string>
        </void>
        <void property="containerName">
         <string>ACL</string>
        </void>
        <void property="serverIdentifier">
         <string>IS_Bancoppel</string>
        </void>
        <void property="status">
         <object idref="Integer0"/>
        </void>
        <void property="version">
         <string>4.0</string>
        </void>
       </object>
      </void>
      <void method="add">
       <object class="com.wm.deployer.project.is.ISDependency">
        <void property="component">
         <string>Internal</string>
        </void>
        <void property="componentType">
         <string>ACL</string>
        </void>
        <void property="containerName">
         <string>ACL</string>
        </void>
        <void property="serverIdentifier">
         <string>IS_Bancoppel</string>
        </void>
        <void property="status">
         <object idref="Integer0"/>
        </void>
        <void property="version">
         <string>4.0</string>
        </void>
       </object>
      </void>
     </void>
     <void property="description">
      <string></string>
     </void>
     <void property="fetchBy">
      <null/>
     </void>
     <void property="name">
      <string>myDeploymentSet</string>
     </void>
     <void property="otherRegExp">
      <string></string>
     </void>
     <void property="packageRegExp">
      <string>AF</string>
     </void>
     <void property="project">
      <object idref="Project0"/>
     </void>
     <void property="sourceSystems">
      <void method="add">
       <object class="com.wm.deployer.project.is.ISSourceSystem" id="ISSourceSystem0">
        <void property="bundle">
         <object idref="Bundle0"/>
        </void>
        <void property="name">
         <string>IS_Bancoppel</string>
        </void>
        <void property="packages">
         <void method="add">
          <object class="com.wm.deployer.project.is.ISPackage" id="ISPackage0">
           <void property="activateOnInstall">
            <boolean>true</boolean>
           </void>
           <void property="archiveName">
            <string>AF_REG_TraspasoAfore</string>
           </void>
           <void property="documents">
            <void method="add">
             <string>AF_REG_TraspasoAfore.api.provider.businessRulesAfore.businessRulesAfore_.docTypes:businessRulesAfore</string>
            </void>
            <void method="add">
             <string>AF_REG_TraspasoAfore.docs:docType_Result</string>
            </void>
            <void method="add">
             <string>AF_REG_TraspasoAfore.docs:rn01_ValidateNumberAttempts</string>
            </void>
            <void method="add">
             <string>AF_REG_TraspasoAfore.docs:rn02_ValidateTerritory</string>
            </void>
            <void method="add">
             <string>AF_REG_TraspasoAfore.docs:rn03_ValidateRatingIncode</string>
            </void>
            <void method="add">
             <string>AF_REG_TraspasoAfore.docs:rn04_ValidatePartyReference</string>
            </void>
            <void method="add">
             <string>AF_REG_TraspasoAfore.docs:rn05_ValidateStatusCURP</string>
            </void>
            <void method="add">
             <string>AF_REG_TraspasoAfore.docs:rn06_ValidateNSS</string>
            </void>
            <void method="add">
             <string>AF_REG_TraspasoAfore.docs:rn07_GetAction</string>
            </void>
            <void method="add">
             <string>AF_REG_TraspasoAfore.docs:rn08_ValidateCURP</string>
            </void>
            <void method="add">
             <string>AF_REG_TraspasoAfore.docs:rn09_ValidateSeal</string>
            </void>
            <void method="add">
             <string>AF_REG_TraspasoAfore.docs:rn10_ValidateFullAddress</string>
            </void>
            <void method="add">
             <string>AF_REG_TraspasoAfore.docs:rn11_ValidateCurrentReceipt</string>
            </void>
            <void method="add">
             <string>AF_REG_TraspasoAfore.docs:rn12_GetActionINE</string>
            </void>
            <void method="add">
             <string>AF_REG_TraspasoAfore.docs:rn13_GetActionBancoppel</string>
            </void>
            <void method="add">
             <string>AF_REG_TraspasoAfore.docs:rn14_ValidateValidityTime</string>
            </void>
            <void method="add">
             <string>AF_REG_TraspasoAfore.docs:rn15_ComparatorResult</string>
            </void>
            <void method="add">
             <string>AF_REG_TraspasoAfore.docs:rn16_FingerprintCounter</string>
            </void>
            <void method="add">
             <string>AF_REG_TraspasoAfore.docs:rn17_ValidateFingerprintAP</string>
            </void>
            <void method="add">
             <string>AF_REG_TraspasoAfore.docs:rn18_RecoverIndexFingers</string>
            </void>
            <void method="add">
             <string>AF_REG_TraspasoAfore.docs:rn19_ValidateVideo</string>
            </void>
            <void method="add">
             <string>AF_REG_TraspasoAfore.docs:rn20_ComparateCURP</string>
            </void>
            <void method="add">
             <string>AF_REG_TraspasoAfore.util.log.doc:docType_Log</string>
            </void>
           </void>
           <void property="flowServices">
            <void method="add">
             <string>AF_REG_TraspasoAfore.actions:comparateValues</string>
            </void>
            <void method="add">
             <string>AF_REG_TraspasoAfore.srv:RN01_ValidateNumberAttempts</string>
            </void>
            <void method="add">
             <string>AF_REG_TraspasoAfore.srv:RN02_ValidateTerritory</string>
            </void>
            <void method="add">
             <string>AF_REG_TraspasoAfore.srv:RN03_ValidateRaitingIncode</string>
            </void>
            <void method="add">
             <string>AF_REG_TraspasoAfore.srv:RN04_ValidatePartyReference</string>
            </void>
            <void method="add">
             <string>AF_REG_TraspasoAfore.srv:RN05_ValidateStatusCURP</string>
            </void>
            <void method="add">
             <string>AF_REG_TraspasoAfore.srv:RN06_ValidateNSS</string>
            </void>
            <void method="add">
             <string>AF_REG_TraspasoAfore.srv:RN07_GetAction</string>
            </void>
            <void method="add">
             <string>AF_REG_TraspasoAfore.srv:RN08_ValidateCURP</string>
            </void>
            <void method="add">
             <string>AF_REG_TraspasoAfore.srv:RN09_ValidateSeal</string>
            </void>
            <void method="add">
             <string>AF_REG_TraspasoAfore.srv:RN10_ValidateFullAddress</string>
            </void>
            <void method="add">
             <string>AF_REG_TraspasoAfore.srv:RN11_ValidateCurrentReceipt</string>
            </void>
            <void method="add">
             <string>AF_REG_TraspasoAfore.srv:RN12_GetActionINE</string>
            </void>
            <void method="add">
             <string>AF_REG_TraspasoAfore.srv:RN13_GetActionBancopel</string>
            </void>
            <void method="add">
             <string>AF_REG_TraspasoAfore.srv:RN14_ValidateValidityTime</string>
            </void>
            <void method="add">
             <string>AF_REG_TraspasoAfore.srv:RN15_ComparatorResult</string>
            </void>
            <void method="add">
             <string>AF_REG_TraspasoAfore.srv:RN16_FingerprintCounter</string>
            </void>
            <void method="add">
             <string>AF_REG_TraspasoAfore.srv:RN17_ValidateFingerprintAP</string>
            </void>
            <void method="add">
             <string>AF_REG_TraspasoAfore.srv:RN18_RecoverIndexFingers</string>
            </void>
            <void method="add">
             <string>AF_REG_TraspasoAfore.srv:RN19_ValidateVideo</string>
            </void>
            <void method="add">
             <string>AF_REG_TraspasoAfore.srv:RN20_ComparateCurp</string>
            </void>
            <void method="add">
             <string>AF_REG_TraspasoAfore.test:RN11_ValidateCurrentReceipt</string>
            </void>
            <void method="add">
             <string>AF_REG_TraspasoAfore.util.common:InvokeRule</string>
            </void>
            <void method="add">
             <string>AF_REG_TraspasoAfore.util.common:validateInputDates</string>
            </void>
            <void method="add">
             <string>AF_REG_TraspasoAfore.util.log.srv:logMonitoring</string>
            </void>
            <void method="add">
             <string>AF_REG_TraspasoAfore.util.log.srv:logService</string>
            </void>
            <void method="add">
             <string>AF_REG_TraspasoAfore.util.log.srv:testRN11</string>
            </void>
           </void>
           <void property="javaServices">
            <void method="add">
             <string>AF_REG_TraspasoAfore.test:castDate</string>
            </void>
            <void method="add">
             <string>AF_REG_TraspasoAfore.util.common:StringDateToDate</string>
            </void>
            <void method="add">
             <string>AF_REG_TraspasoAfore.util.common:StringDate_1</string>
            </void>
            <void method="add">
             <string>AF_REG_TraspasoAfore.util.common:ValidateCoordinates</string>
            </void>
            <void method="add">
             <string>AF_REG_TraspasoAfore.util.common:validateDate</string>
            </void>
           </void>
           <void property="listOfFiles">
            <void method="add">
             <string>ns/AF_REG_TraspasoAfore/actions/comparateValues/flow.xml</string>
            </void>
            <void method="add">
             <string>ns/AF_REG_TraspasoAfore/actions/comparateValues/node.ndf</string>
            </void>
            <void method="add">
             <string>manifest.v3</string>
            </void>
            <void method="add">
             <string>ns/AF_REG_TraspasoAfore/api/provider/businessRulesAfore/businessRulesAfore_/docTypes/businessRulesAfore/node.ndf</string>
            </void>
            <void method="add">
             <string>ns/AF_REG_TraspasoAfore/docs/docType_Result/node.ndf</string>
            </void>
            <void method="add">
             <string>ns/AF_REG_TraspasoAfore/docs/rn01_ValidateNumberAttempts/node.ndf</string>
            </void>
            <void method="add">
             <string>ns/AF_REG_TraspasoAfore/docs/rn02_ValidateTerritory/node.ndf</string>
            </void>
            <void method="add">
             <string>ns/AF_REG_TraspasoAfore/docs/rn03_ValidateRatingIncode/node.ndf</string>
            </void>
            <void method="add">
             <string>ns/AF_REG_TraspasoAfore/docs/rn04_ValidatePartyReference/node.ndf</string>
            </void>
            <void method="add">
             <string>ns/AF_REG_TraspasoAfore/docs/rn05_ValidateStatusCURP/node.ndf</string>
            </void>
            <void method="add">
             <string>ns/AF_REG_TraspasoAfore/docs/rn06_ValidateNSS/node.ndf</string>
            </void>
            <void method="add">
             <string>ns/AF_REG_TraspasoAfore/docs/rn07_GetAction/node.ndf</string>
            </void>
            <void method="add">
             <string>ns/AF_REG_TraspasoAfore/docs/rn08_ValidateCURP/node.ndf</string>
            </void>
            <void method="add">
             <string>ns/AF_REG_TraspasoAfore/docs/rn09_ValidateSeal/node.ndf</string>
            </void>
            <void method="add">
             <string>ns/AF_REG_TraspasoAfore/docs/rn10_ValidateFullAddress/node.ndf</string>
            </void>
            <void method="add">
             <string>ns/AF_REG_TraspasoAfore/docs/rn11_ValidateCurrentReceipt/node.ndf</string>
            </void>
            <void method="add">
             <string>ns/AF_REG_TraspasoAfore/docs/rn12_GetActionINE/node.ndf</string>
            </void>
            <void method="add">
             <string>ns/AF_REG_TraspasoAfore/docs/rn13_GetActionBancoppel/node.ndf</string>
            </void>
            <void method="add">
             <string>ns/AF_REG_TraspasoAfore/docs/rn14_ValidateValidityTime/node.ndf</string>
            </void>
            <void method="add">
             <string>ns/AF_REG_TraspasoAfore/docs/rn15_ComparatorResult/node.ndf</string>
            </void>
            <void method="add">
             <string>ns/AF_REG_TraspasoAfore/docs/rn16_FingerprintCounter/node.ndf</string>
            </void>
            <void method="add">
             <string>ns/AF_REG_TraspasoAfore/docs/rn17_ValidateFingerprintAP/node.ndf</string>
            </void>
            <void method="add">
             <string>ns/AF_REG_TraspasoAfore/docs/rn18_RecoverIndexFingers/node.ndf</string>
            </void>
            <void method="add">
             <string>ns/AF_REG_TraspasoAfore/docs/rn19_ValidateVideo/node.ndf</string>
            </void>
            <void method="add">
             <string>ns/AF_REG_TraspasoAfore/docs/rn20_ComparateCURP/node.ndf</string>
            </void>
            <void method="add">
             <string>ns/AF_REG_TraspasoAfore/srv/RN01_ValidateNumberAttempts/flow.xml</string>
            </void>
            <void method="add">
             <string>ns/AF_REG_TraspasoAfore/srv/RN01_ValidateNumberAttempts/node.ndf</string>
            </void>
            <void method="add">
             <string>ns/AF_REG_TraspasoAfore/srv/RN02_ValidateTerritory/flow.xml</string>
            </void>
            <void method="add">
             <string>ns/AF_REG_TraspasoAfore/srv/RN02_ValidateTerritory/node.ndf</string>
            </void>
            <void method="add">
             <string>ns/AF_REG_TraspasoAfore/srv/RN03_ValidateRaitingIncode/flow.xml</string>
            </void>
            <void method="add">
             <string>ns/AF_REG_TraspasoAfore/srv/RN03_ValidateRaitingIncode/node.ndf</string>
            </void>
            <void method="add">
             <string>ns/AF_REG_TraspasoAfore/srv/RN04_ValidatePartyReference/flow.xml</string>
            </void>
            <void method="add">
             <string>ns/AF_REG_TraspasoAfore/srv/RN04_ValidatePartyReference/node.ndf</string>
            </void>
            <void method="add">
             <string>ns/AF_REG_TraspasoAfore/srv/RN05_ValidateStatusCURP/flow.xml</string>
            </void>
            <void method="add">
             <string>ns/AF_REG_TraspasoAfore/srv/RN05_ValidateStatusCURP/node.ndf</string>
            </void>
            <void method="add">
             <string>ns/AF_REG_TraspasoAfore/srv/RN06_ValidateNSS/flow.xml</string>
            </void>
            <void method="add">
             <string>ns/AF_REG_TraspasoAfore/srv/RN06_ValidateNSS/node.ndf</string>
            </void>
            <void method="add">
             <string>ns/AF_REG_TraspasoAfore/srv/RN07_GetAction/flow.xml</string>
            </void>
            <void method="add">
             <string>ns/AF_REG_TraspasoAfore/srv/RN07_GetAction/node.ndf</string>
            </void>
            <void method="add">
             <string>ns/AF_REG_TraspasoAfore/srv/RN08_ValidateCURP/flow.xml</string>
            </void>
            <void method="add">
             <string>ns/AF_REG_TraspasoAfore/srv/RN08_ValidateCURP/node.ndf</string>
            </void>
            <void method="add">
             <string>ns/AF_REG_TraspasoAfore/srv/RN09_ValidateSeal/flow.xml</string>
            </void>
            <void method="add">
             <string>ns/AF_REG_TraspasoAfore/srv/RN09_ValidateSeal/node.ndf</string>
            </void>
            <void method="add">
             <string>ns/AF_REG_TraspasoAfore/srv/RN10_ValidateFullAddress/flow.xml</string>
            </void>
            <void method="add">
             <string>ns/AF_REG_TraspasoAfore/srv/RN10_ValidateFullAddress/node.ndf</string>
            </void>
            <void method="add">
             <string>ns/AF_REG_TraspasoAfore/srv/RN11_ValidateCurrentReceipt/flow.xml</string>
            </void>
            <void method="add">
             <string>ns/AF_REG_TraspasoAfore/srv/RN11_ValidateCurrentReceipt/node.ndf</string>
            </void>
            <void method="add">
             <string>ns/AF_REG_TraspasoAfore/srv/RN12_GetActionINE/flow.xml</string>
            </void>
            <void method="add">
             <string>ns/AF_REG_TraspasoAfore/srv/RN12_GetActionINE/node.ndf</string>
            </void>
            <void method="add">
             <string>ns/AF_REG_TraspasoAfore/srv/RN13_GetActionBancopel/flow.xml</string>
            </void>
            <void method="add">
             <string>ns/AF_REG_TraspasoAfore/srv/RN13_GetActionBancopel/node.ndf</string>
            </void>
            <void method="add">
             <string>ns/AF_REG_TraspasoAfore/srv/RN14_ValidateValidityTime/flow.xml</string>
            </void>
            <void method="add">
             <string>ns/AF_REG_TraspasoAfore/srv/RN14_ValidateValidityTime/node.ndf</string>
            </void>
            <void method="add">
             <string>ns/AF_REG_TraspasoAfore/srv/RN15_ComparatorResult/flow.xml</string>
            </void>
            <void method="add">
             <string>ns/AF_REG_TraspasoAfore/srv/RN15_ComparatorResult/node.ndf</string>
            </void>
            <void method="add">
             <string>ns/AF_REG_TraspasoAfore/srv/RN16_FingerprintCounter/flow.xml</string>
            </void>
            <void method="add">
             <string>ns/AF_REG_TraspasoAfore/srv/RN16_FingerprintCounter/node.ndf</string>
            </void>
            <void method="add">
             <string>ns/AF_REG_TraspasoAfore/srv/RN17_ValidateFingerprintAP/flow.xml</string>
            </void>
            <void method="add">
             <string>ns/AF_REG_TraspasoAfore/srv/RN17_ValidateFingerprintAP/node.ndf</string>
            </void>
            <void method="add">
             <string>ns/AF_REG_TraspasoAfore/srv/RN18_RecoverIndexFingers/flow.xml</string>
            </void>
            <void method="add">
             <string>ns/AF_REG_TraspasoAfore/srv/RN18_RecoverIndexFingers/node.ndf</string>
            </void>
            <void method="add">
             <string>ns/AF_REG_TraspasoAfore/srv/RN19_ValidateVideo/flow.xml</string>
            </void>
            <void method="add">
             <string>ns/AF_REG_TraspasoAfore/srv/RN19_ValidateVideo/node.ndf</string>
            </void>
            <void method="add">
             <string>ns/AF_REG_TraspasoAfore/srv/RN20_ComparateCurp/flow.xml</string>
            </void>
            <void method="add">
             <string>ns/AF_REG_TraspasoAfore/srv/RN20_ComparateCurp/node.ndf</string>
            </void>
            <void method="add">
             <string>ns/AF_REG_TraspasoAfore/test/RN11_ValidateCurrentReceipt/flow.xml</string>
            </void>
            <void method="add">
             <string>ns/AF_REG_TraspasoAfore/test/RN11_ValidateCurrentReceipt/node.ndf</string>
            </void>
            <void method="add">
             <string>ns/AF_REG_TraspasoAfore/test/castDate/node.ndf</string>
            </void>
            <void method="add">
             <string>code/classes/AF_REG_TraspasoAfore/test.class</string>
            </void>
            <void method="add">
             <string>ns/AF_REG_TraspasoAfore/test/castDate/java.frag</string>
            </void>
            <void method="add">
             <string>code/source/AF_REG_TraspasoAfore/test.java</string>
            </void>
            <void method="add">
             <string>ns/AF_REG_TraspasoAfore/util/common/InvokeRule/flow.xml</string>
            </void>
            <void method="add">
             <string>ns/AF_REG_TraspasoAfore/util/common/InvokeRule/node.ndf</string>
            </void>
            <void method="add">
             <string>ns/AF_REG_TraspasoAfore/util/common/StringDateToDate/node.ndf</string>
            </void>
            <void method="add">
             <string>code/classes/AF_REG_TraspasoAfore/util/common.class</string>
            </void>
            <void method="add">
             <string>ns/AF_REG_TraspasoAfore/util/common/StringDateToDate/java.frag</string>
            </void>
            <void method="add">
             <string>code/source/AF_REG_TraspasoAfore/util/common.java</string>
            </void>
            <void method="add">
             <string>ns/AF_REG_TraspasoAfore/util/common/StringDate_1/node.ndf</string>
            </void>
            <void method="add">
             <string>ns/AF_REG_TraspasoAfore/util/common/StringDate_1/java.frag</string>
            </void>
            <void method="add">
             <string>ns/AF_REG_TraspasoAfore/util/common/ValidateCoordinates/node.ndf</string>
            </void>
            <void method="add">
             <string>ns/AF_REG_TraspasoAfore/util/common/ValidateCoordinates/java.frag</string>
            </void>
            <void method="add">
             <string>ns/AF_REG_TraspasoAfore/util/common/validateDate/node.ndf</string>
            </void>
            <void method="add">
             <string>ns/AF_REG_TraspasoAfore/util/common/validateDate/java.frag</string>
            </void>
            <void method="add">
             <string>ns/AF_REG_TraspasoAfore/util/common/validateInputDates/flow.xml</string>
            </void>
            <void method="add">
             <string>ns/AF_REG_TraspasoAfore/util/common/validateInputDates/node.ndf</string>
            </void>
            <void method="add">
             <string>ns/AF_REG_TraspasoAfore/util/log/doc/docType_Log/node.ndf</string>
            </void>
            <void method="add">
             <string>ns/AF_REG_TraspasoAfore/util/log/srv/logMonitoring/flow.xml</string>
            </void>
            <void method="add">
             <string>ns/AF_REG_TraspasoAfore/util/log/srv/logMonitoring/node.ndf</string>
            </void>
            <void method="add">
             <string>ns/AF_REG_TraspasoAfore/util/log/srv/logService/flow.xml</string>
            </void>
            <void method="add">
             <string>ns/AF_REG_TraspasoAfore/util/log/srv/logService/node.ndf</string>
            </void>
            <void method="add">
             <string>ns/AF_REG_TraspasoAfore/util/log/srv/testRN11/flow.xml</string>
            </void>
            <void method="add">
             <string>ns/AF_REG_TraspasoAfore/util/log/srv/testRN11/node.ndf</string>
            </void>
           </void>
           <void property="name">
            <string>AF_REG_TraspasoAfore</string>
           </void>
           <void property="pkgVersion">
            <string>1.0</string>
           </void>
           <void property="requiredISVersion">
            <string>10.15.0.0</string>
           </void>
           <void property="requiredJVMVersion">
            <string>17.0.12</string>
           </void>
           <void property="requiredTargetPackageVersion">
            <string>1.0</string>
           </void>
           <void property="sourceSystem">
            <object idref="ISSourceSystem0"/>
           </void>
           <void property="synchronizeDocuments">
            <boolean>true</boolean>
           </void>
           <void property="version">
            <string>4.0</string>
           </void>
          </object>
         </void>
         <void method="add">
          <object class="com.wm.deployer.project.is.ISPackage" id="ISPackage1">
           <void property="activateOnInstall">
            <boolean>true</boolean>
           </void>
           <void property="adapterServices">
            <void method="add">
             <string>AF_SRV_Transversales.adp:AD_AF_Select_Pantalla</string>
            </void>
            <void method="add">
             <string>AF_SRV_Transversales.adp:AD_AF_Update_Instancia</string>
            </void>
            <void method="add">
             <string>AF_SRV_Transversales.adp:AD_AF_Insert_ResponseRule</string>
            </void>
            <void method="add">
             <string>AF_SRV_Transversales.adp:ada_InsertarErrrorServico</string>
            </void>
           </void>
           <void property="archiveName">
            <string>AF_SRV_Transversales</string>
           </void>
           <void property="componentsOrFiles">
            <boolean>true</boolean>
           </void>
           <void property="documents">
            <void method="add">
             <string>AF_SRV_Transversales.doc:dt_requestInfo</string>
            </void>
            <void method="add">
             <string>AF_SRV_Transversales.doc:dt_response</string>
            </void>
           </void>
           <void property="filter">
            <int>2</int>
           </void>
           <void property="flowServices">
            <void method="add">
             <string>AF_SRV_Transversales.util:UT_UpdateInstance</string>
            </void>
            <void method="add">
             <string>AF_SRV_Transversales.util:UT_Times</string>
            </void>
            <void method="add">
             <string>AF_SRV_Transversales.util:UT_HTTP_Client</string>
            </void>
            <void method="add">
             <string>AF_SRV_Transversales.util:UT_SearchActivesTask</string>
            </void>
            <void method="add">
             <string>AF_SRV_Transversales.util:UT_WriteResponse</string>
            </void>
            <void method="add">
             <string>AF_SRV_Transversales.util:UT_handleError</string>
            </void>
            <void method="add">
             <string>AF_SRV_Transversales.util:UT_invokeWebHook</string>
            </void>
            <void method="add">
             <string>AF_SRV_Transversales.util:UT_CallWebHook</string>
            </void>
            <void method="add">
             <string>AF_SRV_Transversales.util:UT_InstanceByCustomID</string>
            </void>
            <void method="add">
             <string>AF_SRV_Transversales.util:UT_DocumentPipeline</string>
            </void>
            <void method="add">
             <string>AF_SRV_Transversales.srv:insertarErrorServicio</string>
            </void>
           </void>
           <void property="javaServices">
            <void method="add">
             <string>AF_SRV_Transversales.util:UT_PipelineToString</string>
            </void>
            <void method="add">
             <string>AF_SRV_Transversales.util:UT_PipelineToDocument</string>
            </void>
            <void method="add">
             <string>AF_SRV_Transversales.util:UT_ReadTable</string>
            </void>
            <void method="add">
             <string>AF_SRV_Transversales.util:UT_Replace</string>
            </void>
            <void method="add">
             <string>AF_SRV_Transversales.util:UT_GenerateMetaData</string>
            </void>
            <void method="add">
             <string>AF_SRV_Transversales.util:UT_CastDate</string>
            </void>
            <void method="add">
             <string>AF_SRV_Transversales.util:UT_Date2Int</string>
            </void>
            <void method="add">
             <string>AF_SRV_Transversales.util:UT_ValidateInput</string>
            </void>
            <void method="add">
             <string>AF_SRV_Transversales.util:UT_BuildContextBussinesRULE</string>
            </void>
            <void method="add">
             <string>AF_SRV_Transversales.util:UT_FindVarieble</string>
            </void>
            <void method="add">
             <string>AF_SRV_Transversales.util:UT_GetFlowName</string>
            </void>
            <void method="add">
             <string>AF_SRV_Transversales.util:UT_Regex</string>
            </void>
            <void method="add">
             <string>AF_SRV_Transversales.util:UT_ServiceContext</string>
            </void>
            <void method="add">
             <string>AF_SRV_Transversales.util.java:getFlowName</string>
            </void>
            <void method="add">
             <string>AF_SRV_Transversales.util.java:writeFileLogger</string>
            </void>
            <void method="add">
             <string>AF_SRV_Transversales.util.java:UT_Regex</string>
            </void>
           </void>
           <void property="listOfFiles">
            <void method="add">
             <string>code/classes/AF_SRV_Transversales/util.class</string>
            </void>
            <void method="add">
             <string>code/classes/AF_SRV_Transversales/util/java.class</string>
            </void>
            <void method="add">
             <string>code/source/AF_SRV_Transversales/util.java</string>
            </void>
            <void method="add">
             <string>code/source/AF_SRV_Transversales/util/java.java</string>
            </void>
            <void method="add">
             <string>manifest.v3</string>
            </void>
            <void method="add">
             <string>ns/AF_SRV_Transversales/adp/AD_AF_Insert_ResponseRule/node.ndf</string>
            </void>
            <void method="add">
             <string>ns/AF_SRV_Transversales/adp/AD_AF_Select_Pantalla/node.ndf</string>
            </void>
            <void method="add">
             <string>ns/AF_SRV_Transversales/adp/AD_AF_Update_Instancia/node.ndf</string>
            </void>
            <void method="add">
             <string>ns/AF_SRV_Transversales/adp/ada_InsertarErrrorServico/node.ndf</string>
            </void>
            <void method="add">
             <string>ns/AF_SRV_Transversales/doc/dt_requestInfo/node.ndf</string>
            </void>
            <void method="add">
             <string>ns/AF_SRV_Transversales/doc/dt_response/node.ndf</string>
            </void>
            <void method="add">
             <string>ns/AF_SRV_Transversales/srv/insertarErrorServicio/flow.xml</string>
            </void>
            <void method="add">
             <string>ns/AF_SRV_Transversales/srv/insertarErrorServicio/node.ndf</string>
            </void>
            <void method="add">
             <string>ns/AF_SRV_Transversales/util/UT_BuildContextBussinesRULE/java.frag</string>
            </void>
            <void method="add">
             <string>ns/AF_SRV_Transversales/util/UT_BuildContextBussinesRULE/node.ndf</string>
            </void>
            <void method="add">
             <string>ns/AF_SRV_Transversales/util/UT_CallWebHook/flow.xml</string>
            </void>
            <void method="add">
             <string>ns/AF_SRV_Transversales/util/UT_CallWebHook/node.ndf</string>
            </void>
            <void method="add">
             <string>ns/AF_SRV_Transversales/util/UT_CastDate/java.frag</string>
            </void>
            <void method="add">
             <string>ns/AF_SRV_Transversales/util/UT_CastDate/node.ndf</string>
            </void>
            <void method="add">
             <string>ns/AF_SRV_Transversales/util/UT_Date2Int/java.frag</string>
            </void>
            <void method="add">
             <string>ns/AF_SRV_Transversales/util/UT_Date2Int/node.ndf</string>
            </void>
            <void method="add">
             <string>ns/AF_SRV_Transversales/util/UT_DocumentPipeline/flow.xml</string>
            </void>
            <void method="add">
             <string>ns/AF_SRV_Transversales/util/UT_DocumentPipeline/node.ndf</string>
            </void>
            <void method="add">
             <string>ns/AF_SRV_Transversales/util/UT_FindVarieble/java.frag</string>
            </void>
            <void method="add">
             <string>ns/AF_SRV_Transversales/util/UT_FindVarieble/node.ndf</string>
            </void>
            <void method="add">
             <string>ns/AF_SRV_Transversales/util/UT_GenerateMetaData/java.frag</string>
            </void>
            <void method="add">
             <string>ns/AF_SRV_Transversales/util/UT_GenerateMetaData/node.ndf</string>
            </void>
            <void method="add">
             <string>ns/AF_SRV_Transversales/util/UT_GetFlowName/java.frag</string>
            </void>
            <void method="add">
             <string>ns/AF_SRV_Transversales/util/UT_GetFlowName/node.ndf</string>
            </void>
            <void method="add">
             <string>ns/AF_SRV_Transversales/util/UT_HTTP_Client/flow.xml</string>
            </void>
            <void method="add">
             <string>ns/AF_SRV_Transversales/util/UT_HTTP_Client/node.ndf</string>
            </void>
            <void method="add">
             <string>ns/AF_SRV_Transversales/util/UT_InstanceByCustomID/flow.xml</string>
            </void>
            <void method="add">
             <string>ns/AF_SRV_Transversales/util/UT_InstanceByCustomID/node.ndf</string>
            </void>
            <void method="add">
             <string>ns/AF_SRV_Transversales/util/UT_PipelineToDocument/java.frag</string>
            </void>
            <void method="add">
             <string>ns/AF_SRV_Transversales/util/UT_PipelineToDocument/node.ndf</string>
            </void>
            <void method="add">
             <string>ns/AF_SRV_Transversales/util/UT_PipelineToString/java.frag</string>
            </void>
            <void method="add">
             <string>ns/AF_SRV_Transversales/util/UT_PipelineToString/node.ndf</string>
            </void>
            <void method="add">
             <string>ns/AF_SRV_Transversales/util/UT_ReadTable/java.frag</string>
            </void>
            <void method="add">
             <string>ns/AF_SRV_Transversales/util/UT_ReadTable/node.ndf</string>
            </void>
            <void method="add">
             <string>ns/AF_SRV_Transversales/util/UT_Regex/java.frag</string>
            </void>
            <void method="add">
             <string>ns/AF_SRV_Transversales/util/UT_Regex/node.ndf</string>
            </void>
            <void method="add">
             <string>ns/AF_SRV_Transversales/util/UT_Replace/java.frag</string>
            </void>
            <void method="add">
             <string>ns/AF_SRV_Transversales/util/UT_Replace/node.ndf</string>
            </void>
            <void method="add">
             <string>ns/AF_SRV_Transversales/util/UT_SearchActivesTask/flow.xml</string>
            </void>
            <void method="add">
             <string>ns/AF_SRV_Transversales/util/UT_SearchActivesTask/node.ndf</string>
            </void>
            <void method="add">
             <string>ns/AF_SRV_Transversales/util/UT_ServiceContext/java.frag</string>
            </void>
            <void method="add">
             <string>ns/AF_SRV_Transversales/util/UT_ServiceContext/node.ndf</string>
            </void>
            <void method="add">
             <string>ns/AF_SRV_Transversales/util/UT_Times/flow.xml</string>
            </void>
            <void method="add">
             <string>ns/AF_SRV_Transversales/util/UT_Times/node.ndf</string>
            </void>
            <void method="add">
             <string>ns/AF_SRV_Transversales/util/UT_UpdateInstance/flow.xml</string>
            </void>
            <void method="add">
             <string>ns/AF_SRV_Transversales/util/UT_UpdateInstance/node.ndf</string>
            </void>
            <void method="add">
             <string>ns/AF_SRV_Transversales/util/UT_ValidateInput/java.frag</string>
            </void>
            <void method="add">
             <string>ns/AF_SRV_Transversales/util/UT_ValidateInput/node.ndf</string>
            </void>
            <void method="add">
             <string>ns/AF_SRV_Transversales/util/UT_WriteResponse/flow.xml</string>
            </void>
            <void method="add">
             <string>ns/AF_SRV_Transversales/util/UT_WriteResponse/node.ndf</string>
            </void>
            <void method="add">
             <string>ns/AF_SRV_Transversales/util/UT_handleError/flow.xml</string>
            </void>
            <void method="add">
             <string>ns/AF_SRV_Transversales/util/UT_handleError/node.ndf</string>
            </void>
            <void method="add">
             <string>ns/AF_SRV_Transversales/util/UT_invokeWebHook/flow.xml</string>
            </void>
            <void method="add">
             <string>ns/AF_SRV_Transversales/util/UT_invokeWebHook/node.ndf</string>
            </void>
            <void method="add">
             <string>ns/AF_SRV_Transversales/util/java/UT_Regex/java.frag</string>
            </void>
            <void method="add">
             <string>ns/AF_SRV_Transversales/util/java/UT_Regex/node.ndf</string>
            </void>
            <void method="add">
             <string>ns/AF_SRV_Transversales/util/java/getFlowName/java.frag</string>
            </void>
            <void method="add">
             <string>ns/AF_SRV_Transversales/util/java/getFlowName/node.ndf</string>
            </void>
            <void method="add">
             <string>ns/AF_SRV_Transversales/util/java/node.idf</string>
            </void>
            <void method="add">
             <string>ns/AF_SRV_Transversales/util/java/writeFileLogger/java.frag</string>
            </void>
            <void method="add">
             <string>ns/AF_SRV_Transversales/util/java/writeFileLogger/node.ndf</string>
            </void>
            <void method="add">
             <string>ns/AF_SRV_Transversales/util/node.idf</string>
            </void>
           </void>
           <void property="name">
            <string>AF_SRV_Transversales</string>
           </void>
           <void property="pkgVersion">
            <string>1.0</string>
           </void>
           <void property="relVer">
            <int>2</int>
           </void>
           <void property="requiredISVersion">
            <string>10.15.0.0</string>
           </void>
           <void property="requiredJVMVersion">
            <string>17.0.12</string>
           </void>
           <void property="requiredTargetPackageVersion">
            <string>1.0</string>
           </void>
           <void property="sourceSystem">
            <object idref="ISSourceSystem0"/>
           </void>
           <void property="synchronizeDocuments">
            <boolean>true</boolean>
           </void>
           <void property="version">
            <string>4.0</string>
           </void>
          </object>
         </void>
         <void method="add">
          <object class="com.wm.deployer.project.is.ISPackage" id="ISPackage2">
           <void property="activateOnInstall">
            <boolean>true</boolean>
           </void>
           <void property="archiveName">
            <string>AF_SRV_TraspasoAfore</string>
           </void>
           <void property="componentsOrFiles">
            <boolean>true</boolean>
           </void>
           <void property="documents">
            <void method="add">
             <string>AF_SRV_TraspasoAfore.doc:dt_traspasoAfore</string>
            </void>
            <void method="add">
             <string>AF_SRV_TraspasoAfore.doc.common:doc_Type_DatosControl</string>
            </void>
            <void method="add">
             <string>AF_SRV_TraspasoAfore.doc:dt_contextoTransaccional</string>
            </void>
            <void method="add">
             <string>AF_SRV_TraspasoAfore.doc.common:doc_Type_ContextoTransaccional</string>
            </void>
            <void method="add">
             <string>AF_SRV_TraspasoAfore.doc:dt_trabajador</string>
            </void>
            <void method="add">
             <string>AF_SRV_TraspasoAfore.doc:dt_datosControl</string>
            </void>
            <void method="add">
             <string>AF_SRV_TraspasoAfore.doc.common:doc_Type_Beneficiario</string>
            </void>
           </void>
           <void property="filter">
            <int>2</int>
           </void>
           <void property="listOfFiles">
            <void method="add">
             <string>manifest.v3</string>
            </void>
            <void method="add">
             <string>ns/AF_SRV_TraspasoAfore/doc/common/doc_Type_Beneficiario/node.ndf</string>
            </void>
            <void method="add">
             <string>ns/AF_SRV_TraspasoAfore/doc/common/doc_Type_ContextoTransaccional/node.ndf</string>
            </void>
            <void method="add">
             <string>ns/AF_SRV_TraspasoAfore/doc/common/doc_Type_DatosControl/node.ndf</string>
            </void>
            <void method="add">
             <string>ns/AF_SRV_TraspasoAfore/doc/dt_contextoTransaccional/node.ndf</string>
            </void>
            <void method="add">
             <string>ns/AF_SRV_TraspasoAfore/doc/dt_datosControl/node.ndf</string>
            </void>
            <void method="add">
             <string>ns/AF_SRV_TraspasoAfore/doc/dt_trabajador/node.ndf</string>
            </void>
            <void method="add">
             <string>ns/AF_SRV_TraspasoAfore/doc/dt_traspasoAfore/node.ndf</string>
            </void>
           </void>
           <void property="name">
            <string>AF_SRV_TraspasoAfore</string>
           </void>
           <void property="pkgVersion">
            <string>1.0</string>
           </void>
           <void property="relVer">
            <int>2</int>
           </void>
           <void property="requiredISVersion">
            <string>10.15.0.0</string>
           </void>
           <void property="requiredJVMVersion">
            <string>17.0.12</string>
           </void>
           <void property="requiredTargetPackageVersion">
            <string>1.0</string>
           </void>
           <void property="sourceSystem">
            <object idref="ISSourceSystem0"/>
           </void>
           <void property="synchronizeDocuments">
            <boolean>true</boolean>
           </void>
           <void property="version">
            <string>4.0</string>
           </void>
          </object>
         </void>
         <void method="add">
          <object class="com.wm.deployer.project.is.ISPackage" id="ISPackage3">
           <void property="activateOnInstall">
            <boolean>true</boolean>
           </void>
           <void property="adapterConnections">
            <void method="add">
             <string>ada:WMAUDIT</string>
            </void>
           </void>
           <void property="archiveName">
            <string>PD_Pruebas</string>
           </void>
           <void property="componentsOrFiles">
            <boolean>true</boolean>
           </void>
           <void property="filter">
            <int>2</int>
           </void>
           <void property="listOfFiles">
            <void method="add">
             <string>manifest.v3</string>
            </void>
            <void method="add">
             <string>ns/ada/WMAUDIT/node.ndf</string>
            </void>
           </void>
           <void property="name">
            <string>PD_Pruebas</string>
           </void>
           <void property="pkgVersion">
            <string>1.0</string>
           </void>
           <void property="relVer">
            <int>2</int>
           </void>
           <void property="requiredISVersion">
            <string>10.15.0.0</string>
           </void>
           <void property="requiredJVMVersion">
            <string>17.0.12</string>
           </void>
           <void property="requiredTargetPackageVersion">
            <string>1.0</string>
           </void>
           <void property="sourceSystem">
            <object idref="ISSourceSystem0"/>
           </void>
           <void property="synchronizeDocuments">
            <boolean>true</boolean>
           </void>
           <void property="version">
            <string>4.0</string>
           </void>
          </object>
         </void>
         <void method="add">
          <object class="com.wm.deployer.project.is.ISPackage" id="ISPackage4">
           <void property="activateOnInstall">
            <boolean>true</boolean>
           </void>
           <void property="adapterConnections">
            <void method="add">
             <string>JDBCAdapters:BaseProducto</string>
            </void>
           </void>
           <void property="archiveName">
            <string>Default</string>
           </void>
           <void property="buildNumber">
            <string>674</string>
           </void>
           <void property="componentsOrFiles">
            <boolean>true</boolean>
           </void>
           <void property="description">
            <string></string>
           </void>
           <void property="filter">
            <int>2</int>
           </void>
           <void property="listOfFiles">
            <void method="add">
             <string>manifest.v3</string>
            </void>
            <void method="add">
             <string>ns/JDBCAdapters/BaseProducto/node.ndf</string>
            </void>
           </void>
           <void property="name">
            <string>Default</string>
           </void>
           <void property="pkgVersion">
            <string>10.15.0.0.674</string>
           </void>
           <void property="previousPatchesIncluded">
            <string></string>
           </void>
           <void property="relVer">
            <int>2</int>
           </void>
           <void property="requiredISVersion">
            <string>10.15.0.0</string>
           </void>
           <void property="requiredJVMVersion">
            <string>11</string>
           </void>
           <void property="requiredTargetPackageVersion">
            <string>10.15.0.0.674</string>
           </void>
           <void property="sourceSystem">
            <object idref="ISSourceSystem0"/>
           </void>
           <void property="synchronizeDocuments">
            <boolean>true</boolean>
           </void>
           <void property="version">
            <string>4.0</string>
           </void>
          </object>
         </void>
        </void>
       </object>
      </void>
     </void>
     <void property="treeNodeCount">
      <string>1000</string>
     </void>
     <void property="version">
      <string>4.0</string>
     </void>
    </object>
   </void>
  </void>
  <void property="concurrentDeployment">
   <boolean>true</boolean>
  </void>
  <void property="deployTNRules">
   <string>MERGE</string>
  </void>
  <void property="description">
   <string>Migrar reglas Afore desde unity a wM Afore</string>
  </void>
  <void property="disablePorts">
   <boolean>true</boolean>
  </void>
  <void property="disableServices">
   <boolean>true</boolean>
  </void>
  <void id="Boolean0" method="isAreDependenciesUnresolved"/>
  <void property="enforceAtDeployment">
   <object idref="Boolean0"/>
  </void>
  <void property="homePage">
   <object class="com.wm.deployer.project.HomePage">
    <void property="projectName">
     <string>AF_20251224_Rules_todas</string>
    </void>
    <void property="version">
     <string>4.0</string>
    </void>
   </object>
  </void>
  <void property="name">
   <string>AF_20251224_Rules_todas</string>
  </void>
  <void property="propertyMap">
   <void method="put">
    <string>ProcessModel</string>
    <object class="java.util.LinkedList">
     <void method="add">
      <object class="com.wm.deployer.project.plugin.PluginProperty">
       <void property="pluginName">
        <string>ProcessModel</string>
       </void>
       <void property="propertyName">
        <string>executionEnabled</string>
       </void>
       <void property="propertyType">
        <string>BOOLEAN</string>
       </void>
       <void property="propertyValue">
        <string>FALSE</string>
       </void>
      </object>
     </void>
     <void method="add">
      <object class="com.wm.deployer.project.plugin.PluginProperty">
       <void property="pluginName">
        <string>ProcessModel</string>
       </void>
       <void property="propertyName">
        <string>trackingEnabled</string>
       </void>
       <void property="propertyType">
        <string>BOOLEAN</string>
       </void>
       <void property="propertyValue">
        <string>FALSE</string>
       </void>
      </object>
     </void>
    </object>
   </void>
   <void method="put">
    <string>MWS</string>
    <object class="java.util.LinkedList">
     <void method="add">
      <object class="com.wm.deployer.project.plugin.PluginProperty">
       <void property="pluginName">
        <string>MWS</string>
       </void>
       <void property="propertyName">
        <string>subscriptions</string>
       </void>
       <void property="propertyType">
        <string>BOOLEAN</string>
       </void>
       <void property="propertyValue">
        <string>FALSE</string>
       </void>
      </object>
     </void>
     <void method="add">
      <object class="com.wm.deployer.project.plugin.PluginProperty">
       <void property="pluginName">
        <string>MWS</string>
       </void>
       <void property="propertyName">
        <string>access</string>
       </void>
       <void property="propertyType">
        <string>BOOLEAN</string>
       </void>
       <void property="propertyValue">
        <string>FALSE</string>
       </void>
      </object>
     </void>
     <void method="add">
      <object class="com.wm.deployer.project.plugin.PluginProperty">
       <void property="pluginName">
        <string>MWS</string>
       </void>
       <void property="propertyName">
        <string>versions</string>
       </void>
       <void property="propertyType">
        <string>BOOLEAN</string>
       </void>
       <void property="propertyValue">
        <string>FALSE</string>
       </void>
      </object>
     </void>
     <void method="add">
      <object class="com.wm.deployer.project.plugin.PluginProperty">
       <void property="pluginName">
        <string>MWS</string>
       </void>
       <void property="propertyName">
        <string>aliasprefix</string>
       </void>
       <void property="propertyType">
        <string>STRING</string>
       </void>
       <void property="propertyValue">
        <string>deployer.</string>
       </void>
      </object>
     </void>
     <void method="add">
      <object class="com.wm.deployer.project.plugin.PluginProperty">
       <void property="pluginName">
        <string>MWS</string>
       </void>
       <void property="propertyName">
        <string>principalattribs</string>
       </void>
       <void property="propertyType">
        <string>BOOLEAN</string>
       </void>
       <void property="propertyValue">
        <string>TRUE</string>
       </void>
      </object>
     </void>
     <void method="add">
      <object class="com.wm.deployer.project.plugin.PluginProperty">
       <void property="pluginName">
        <string>MWS</string>
       </void>
       <void property="propertyName">
        <string>autoalias</string>
       </void>
       <void property="propertyType">
        <string>BOOLEAN</string>
       </void>
       <void property="propertyValue">
        <string>TRUE</string>
       </void>
      </object>
     </void>
     <void method="add">
      <object class="com.wm.deployer.project.plugin.PluginProperty">
       <void property="pluginName">
        <string>MWS</string>
       </void>
       <void property="propertyName">
        <string>content</string>
       </void>
       <void property="propertyType">
        <string>BOOLEAN</string>
       </void>
       <void property="propertyValue">
        <string>FALSE</string>
       </void>
      </object>
     </void>
     <void method="add">
      <object class="com.wm.deployer.project.plugin.PluginProperty">
       <void property="pluginName">
        <string>MWS</string>
       </void>
       <void property="propertyName">
        <string>pageDepth</string>
       </void>
       <void property="propertyType">
        <string>STRING</string>
       </void>
       <void property="propertyValue">
        <string>1</string>
       </void>
      </object>
     </void>
    </object>
   </void>
   <void method="put">
    <string>Optimize</string>
    <object class="java.util.LinkedList">
     <void method="add">
      <object class="com.wm.deployer.project.plugin.PluginProperty">
       <void property="pluginName">
        <string>Optimize</string>
       </void>
       <void property="propertyName">
        <string>displayDDL</string>
       </void>
       <void property="propertyType">
        <string>BOOLEAN</string>
       </void>
       <void property="propertyValue">
        <string>FALSE</string>
       </void>
      </object>
     </void>
     <void method="add">
      <object class="com.wm.deployer.project.plugin.PluginProperty">
       <void property="pluginName">
        <string>Optimize</string>
       </void>
       <void property="propertyName">
        <string>incDimValues</string>
       </void>
       <void property="propertyType">
        <string>BOOLEAN</string>
       </void>
       <void property="propertyValue">
        <string>FALSE</string>
       </void>
      </object>
     </void>
    </object>
   </void>
  </void>
  <void property="stopAdapters">
   <boolean>true</boolean>
  </void>
  <void property="stopPorts">
   <object idref="Boolean0"/>
  </void>
  <void property="stopSelectedTriggers">
   <boolean>true</boolean>
  </void>
  <void property="stopServices">
   <object idref="Boolean0"/>
  </void>
  <void property="version">
   <string>4.0</string>
  </void>
 </object>
</java>
